timestamp_acc,acc_x,acc_y,acc_z,timestamp_gyro,gyro_x,gyro_y,gyro_z,label,timestamp_acc_fft_mean,timestamp_acc_fft_max,timestamp_acc_fft_std,acc_x_fft_mean,acc_x_fft_max,acc_x_fft_std,acc_y_fft_mean,acc_y_fft_max,acc_y_fft_std,acc_z_fft_mean,acc_z_fft_max,acc_z_fft_std,timestamp_gyro_fft_mean,timestamp_gyro_fft_max,timestamp_gyro_fft_std,gyro_x_fft_mean,gyro_x_fft_max,gyro_x_fft_std,gyro_y_fft_mean,gyro_y_fft_max,gyro_y_fft_std,gyro_z_fft_mean,gyro_z_fft_max,gyro_z_fft_std
1725605866305.0,0.006348,-0.939697,0.349731,1725605866315.0,-4.96189,-2.705793,-2.126524,1,3451211733723.9316,86280293327203.0,16907415480614.824,0.04879201496946288,0.778443,0.1514718797754214,1.879852261426926,46.264162,9.059984163946327,0.7485658738389074,18.072512,3.536478781241787,3451211733749.2236,86280293327854.0,16907415480742.547,9.246705597798035,157.263721,30.74554971957506,4.6182877404515645,48.317822828298965,9.611915036301452,3.4261810261044268,27.522866,5.507864462297199
1725605866802.0,0.007568,-0.94397,0.246826,1725605866810.0,-29.230185,-7.248476,-5.106708,1,3451211734740.9976,86280293352335.0,16907415485537.268,0.06692890495767861,0.906494,0.17323957180726932,1.897185619518757,46.479619,9.100483146540597,0.766846528570025,15.80359,3.073223017098203,3451211734762.368,86280293352918.0,16907415485651.908,60.07611370211849,721.5777600000001,139.1627013202526,14.358575268696068,139.33688999999998,27.094796656157346,11.43451846584598,122.370431,23.898004440897925
1725605867299.0,0.034668,-1.017822,-0.040771,1725605867304.0,-36.722561,-10.228659,-8.506098,1,3451211735788.84,86280293378239.0,16907415490611.008,0.25617799988597373,3.813109,0.7407528127170507,2.07188438189322,49.491942,9.680515844966688,0.5695178384807978,4.798584,0.9874317422289399,3451211735811.699,86280293378954.0,16907415490752.291,74.8059093918315,1582.637229,308.79493011020105,20.293033826979173,409.992391,79.9688650088677,15.195438500093324,311.516777,60.93318871941424
1725605867801.0,0.106689,-1.011841,-0.307007,1725605867836.0,-39.451221,-8.422256,-9.496951,1,3451211736755.14,86280293402840.0,16907415495435.422,0.34176682637430084,6.554812,1.2735968493668781,2.0488823097605593,48.9646,9.57713111465862,0.6875715006658131,8.318362,1.6285149419477374,3451211736779.554,86280293403446.0,16907415495554.139,75.02890861724825,1519.657049,296.6405229357963,15.512173802812447,281.074703,54.63938736604637,17.51446310436566,301.562504,59.005477460367345
1725605868329.0,0.124146,-0.983643,-0.52771,1725605868334.0,-31.996952,-12.019817,-6.875,1,3451211738262.3486,86280293432365.0,16907415501154.53,0.407023123079116,8.357419,1.6280514079853137,1.9707256551575287,46.170286,9.02357611335428,1.1309287235713976,21.082762000000002,4.093373534203197,3451211738355.6704,86280293433566.0,16907415501380.633,76.71808110982954,1162.0960639999998,225.92364426742037,20.088677481585712,205.53354000000002,48.72188607504989,15.386380343173107,197.92683799999998,39.22545659768366
1725605869017.0,0.131592,-0.958618,-0.574219,1725605869057.0,-8.506098,-3.231707,-0.335366,1,3451211739364.792,86280293465531.0,16907415507699.475,0.3854598847736447,8.264892,1.6097244493968177,1.8892074628838877,44.206174,8.63870594719437,1.1695093468900017,26.526,5.179542901201313,3451211739543.6113,86280293468432.0,16907415508255.139,74.16224219142529,475.899398,116.82102536452612,7.997971563680243,62.065548,14.253847892006732,13.740290643110741,143.109759,30.309627049814413
1725605869589.0,0.090942,-0.998535,-0.462891,1725605869682.0,19.100611,-3.460366,2.934451,1,3451211740298.6875,86280293491566.0,16907415512823.215,0.3255153841449419,6.057981,1.175817148000781,1.9917761108891572,47.330324000000005,9.25585218936953,0.9489408791220627,15.943971999999999,3.084810253402437,3451211740392.2983,86280293494599.0,16907415513423.217,70.37287894069301,1335.838445,261.8458091673564,4.558345228200103,50.146148984196074,10.546161048656774,18.623212641821816,308.17073800000003,61.35040419916556
1725605870086.0,0.066895,-1.03479,-0.218262,1725605870140.0,25.007622,-1.859756,2.240854,1,3451211741319.382,86280293516701.0,16907415517745.53,0.1961007385372986,4.106808,0.7991454668645039,2.0557511859533726,50.26342700000001,9.84065555281734,0.5494479416145763,4.846921999999999,0.9925327774492411,3451211741455.1626,86280293519815.0,16907415518353.459,86.90562661662848,1708.6357090000001,331.54821081059845,3.7387281280236335,21.741999883384917,4.9690248040825535,9.339430353021587,169.885676,33.05486072110189
1725605870587.0,0.027588,-1.020264,0.056152,1725605870758.0,18.955793,-3.51372,4.016768,1,3451211742370.9746,86280293543189.0,16907415522937.715,0.162325635187275,2.559573,0.4943277489698993,2.0951536818794367,47.421385,9.255013167220957,0.9183698805746304,11.98254,2.3298591169891236,3451211742446.888,86280293547194.0,16907415523739.734,93.63074662227147,1638.650951,319.52320078013787,11.263388373527377,75.01507461054648,15.382790137700363,17.171714318019255,312.53810999999996,60.93246574993679
1725605871118.0,-0.031372,-0.947021,0.381592,1725605871174.0,1.227134,-0.670732,0.884146,1,3451211743363.433,86280293567911.0,16907415527781.484,0.10185094188898743,0.5231190984908382,0.13332457092001498,1.8479967618030935,43.532593999999996,8.510320579689623,1.056055510227685,22.678348,4.4180432914775,3451211743526.207,86280293572053.0,16907415528593.742,50.041384705716325,537.179889,105.85967710114663,13.126139236502823,141.45579600000002,28.23472163032046,15.16607594380552,176.013725,35.3525887099588
1725605871614.0,-0.032837,-0.875,0.485229,1725605871750.0,-4.375,-0.807927,-1.196646,1,3451211744396.6646,86280293593803.0,16907415532855.76,0.06932893976623784,1.3067630000000001,0.2533747034507774,1.7537158783963995,42.701781,8.358744580775106,1.0040305756157037,24.672605,4.831389871860299,3451211744521.043,86280293597958.0,16907415533678.506,10.990714110483514,103.89482,21.697877881939228,2.954483123133355,23.220266275374218,5.939457929066916,2.788902191868089,9.336889,2.6554375933412495
1725605872114.0,-0.024414,-0.884033,0.447876,1725605872289.0,-11.150915,-0.07622,-1.661585,1,3451211745455.0483,86280293619371.0,16907415537858.766,0.054550183994637215,0.97827,0.18939396219793075,1.7673222927297898,43.342652,8.486632983672166,0.9954318702962444,23.656494000000002,4.625923105509771,3451211745500.5117,86280293623593.0,16907415538711.295,24.376259023463412,321.928358,64.01716842147042,3.0740838829271606,41.85975500000001,8.257858202803632,3.3272298372412763,49.923784,9.801383486110202
1725605872652.0,-0.021606,-0.921997,0.347412,1725605872699.0,-21.181402,-0.731707,-2.560976,1,3451211746363.7573,86280293643666.0,16907415542632.473,0.0438469849632345,0.583617,0.11214048850363499,1.8507811801355292,45.058472,8.819867220051435,0.9323660984679358,20.207399,3.9368560123744585,3451211746564.342,86280293647742.0,16907415543423.537,44.083713891963306,754.512213,146.5538254938746,5.034615031284859,52.355185,12.37086295495704,5.12607549529219,92.614328,18.148103303703472
1725605873145.0,-0.009888,-1.015381,0.122437,1725605873198.0,-30.990854,0.891768,-6.455793,1,3451211747403.8623,86280293668939.0,16907415547578.99,0.0653542101189057,0.452024,0.0904087603076932,2.0424375891367434,48.072023,9.396910545094721,0.7772859573026011,12.133913,2.347043175974515,3451211747564.865,86280293672999.0,16907415548374.873,60.50448164011537,1297.9954579999999,253.66428344464984,8.96143323174362,144.001526,29.026932649123736,13.486728477953445,238.620431,46.82437599169055
1725605873641.0,0.027954,-1.020264,-0.089111,1725605873730.0,-29.832317,0.670732,-7.248476,1,3451211748415.975,86280293694183.0,16907415552525.303,0.18063531168698102,2.6628410000000002,0.5166726474809628,2.0486799005864613,50.062377,9.801151324969942,0.3147512215600329,1.886314326171035,0.3853887813040062,3451211748576.997,86280293698273.0,16907415553327.3,63.0236696423237,1202.736308,234.34477969783808,4.9632969690490585,64.695124,12.59229336892339,14.15560484745494,269.428358,52.94908232051177
1725605874136.0,0.080444,-1.02002,-0.237061,1725605874227.0,-21.059452,-1.676829,-3.056402,1,3451211749455.886,86280293719488.0,16907415557478.39,0.19909834405425247,4.462400000000001,0.8703767791785202,2.0405651765956447,49.767697999999996,9.742620841122442,0.4921179016812563,7.667237999999999,1.4810141593416983,3451211749602.6777,86280293723667.0,16907415558301.469,39.98531399000356,830.5945290000001,162.02456113406868,10.114216840179314,93.41463300000001,20.849445382910396,5.363540381057322,87.88109600000001,17.22183050073931
1725605874678.0,0.079956,-0.996948,-0.330933,1725605874725.0,-24.344513,-1.852134,-3.04878,1,3451211750458.369,86280293744962.0,16907415562473.621,0.27129773240308847,5.528442,1.0789591234858447,2.0198423375913994,48.359253,9.459419768164391,0.67357676570639,13.922488000000001,2.7073366525223053,3451211750622.7637,86280293749072.0,16907415563279.016,44.98975389233603,709.032031,137.6312793963447,22.159102433772468,166.28811100000001,39.72104291477194,7.295551046604612,93.54446644232102,18.404580751791634
1725605875178.0,0.05957,-0.970581,-0.523315,1725605875223.0,-26.189026,-5.625,-9.893293,1,3451211751448.627,86280293770520.0,16907415567488.492,0.34304780248232875,5.801026,1.125467035065126,1.918913434784849,45.608155999999994,8.919382513547383,1.083608857809951,20.838746,4.042806590408062,3451211751618.8325,86280293774690.0,16907415568304.95,55.2916333110462,1066.791183,207.25541746949276,18.207456535044944,98.26272679090621,22.928126210276876,21.98257958140986,344.35213600000003,67.1113813323609
1725605875665.0,0.137329,-0.940674,-0.571533,1725605875755.0,-12.248476,-4.794208,-4.222561,1,3451211752463.127,86280293795380.0,16907415572355.934,0.3864083926747152,8.097901,1.5757628218685271,1.8857176563634623,45.134891,8.828689993562081,1.1593632171478179,27.257444,5.328645025069449,3451211752624.6816,86280293799466.0,16907415573157.006,99.54208331969359,682.6219699999999,155.1031359302484,8.83209695590156,88.971039,18.65190428384618,20.659671040668844,128.178358,30.837721051191373
1725605876162.0,0.085815,-1.052856,-0.481812,1725605876252.0,41.204269,-0.251524,5.754573,1,3451211753482.422,86280293820845.0,16907415577345.895,0.30147231105942623,5.871703,1.1419570254439737,2.146597426116398,48.40808199999999,9.445597273699043,1.0716544678939595,14.897341,2.883688750178659,3451211753645.1226,86280293824941.0,16907415578148.771,130.70318283528965,2457.3171199999997,477.1229114682879,25.859404252579587,199.977138,41.8810018133867,18.472710609876763,375.190556,73.00705038254377
1725605876657.0,0.003906,-1.031372,-0.103516,1725605876749.0,34.108234,-0.701219,7.522866,1,3451211754481.3726,86280293845887.0,16907415582253.658,0.21022948053745658,1.928105,0.3826798125496969,2.0756786552302513,47.696045,9.314539087113848,0.9351287847026191,8.109618000000001,1.6439309589679865,3451211754649.353,86280293849993.0,16907415583057.504,136.09541603210494,2395.571696,463.4133400440491,24.04437345759648,194.42073699999997,43.081131821429125,22.047048634093603,461.280501,89.76940835148696
1725605877194.0,-0.051514,-0.926392,0.375,1725605877245.0,13.323171,0.670732,1.577744,1,3451211755526.4,86280293871914.0,16907415587353.084,0.1251518821384902,1.435427,0.2846267952617839,1.8719637001616942,41.533814,8.099326884767597,1.3025168617419718,25.137817,4.8787951219839965,3451211755683.49,86280293876071.0,16907415588169.562,81.30689672330477,1289.138747,249.74822756733744,6.832600791587071,106.044209,20.605558586700624,20.04281416903139,260.975614,51.60959318513036
1725605877690.0,-0.07019,-0.760254,0.605713,1725605877780.0,-3.871951,-2.987805,0.068598,1,3451211756519.2246,86280293896665.0,16907415592202.701,0.14232283805749107,3.001465,0.5843910069211035,1.5193108580535684,37.125856999999996,7.26837800314474,1.3111987392196613,31.632199,6.189605950640026,3451211756701.7876,86280293900838.0,16907415593017.246,25.593691762884884,161.01082393493877,35.65668594424829,4.706547286692443,37.827746,10.09437012281445,7.84279614636748,94.214944,19.100247817167602
1725605878186.0,-0.066528,-0.764282,0.620483,1725605878322.0,-9.992378,-3.483232,-1.806402,1,3451211757625.3037,86280293922663.0,16907415597283.744,0.1346458570763885,2.839231,0.553268537162023,1.525991967484933,37.694824999999994,7.382962985100122,1.2738653912658189,31.414792,6.1524985870174715,3451211757714.9707,86280293926990.0,16907415598148.684,19.47516464119265,216.26524799999999,42.784600112172015,5.925935813881183,58.620428000000004,13.072161357763504,3.9649062002755007,34.298969589784434,7.1177283115887535
1725605878727.0,-0.054199,-0.820313,0.51416,1725605878779.0,-35.800304,-7.088415,-3.772866,1,3451211758543.256,86280293948113.0,16907415602291.326,0.12382277422432576,1.8707259999999999,0.36132060327143206,1.657941257842448,39.326661,7.6897576898439866,1.2930497485409713,28.899538,5.637504798544063,3451211758809.787,86280293952490.0,16907415603130.373,73.55557364086937,987.7439300000001,191.15176068162003,15.339353882256537,208.94055100000003,40.68754114981261,8.180965498873753,133.46798900000002,25.857676118712927
1725605879221.0,-0.015625,-0.952881,0.27002,1725605879319.0,-35.221039,-6.974085,-6.371952,1,3451211759540.627,86280293973106.0,16907415607189.412,0.1283135956701129,1.018311,0.2096509332846548,1.9704363078860816,45.198854,8.825445301096511,1.0840547024810196,19.560425000000002,3.787648701168802,3451211759776.868,86280293977183.0,16907415607973.402,70.64217049947642,1573.551864,307.38175264790755,17.8440712545486,181.92073499999998,37.333316865896265,12.95288998338972,243.384155,47.30005384191555
1725605879716.0,0.045654,-1.013428,-0.014526,1725605879855.0,-39.253048,0.175305,-10.853659,1,3451211760597.911,86280293998857.0,16907415612229.998,0.18200091045303815,3.51709,0.6867611162300506,2.0353916244966985,49.290406000000004,9.646848830603881,0.5870964572912865,5.621217,1.1273108458642542,3451211760704.3594,86280294002848.0,16907415613022.926,76.17415707191438,1597.4009500000002,311.24249971651545,17.084409297493167,158.17835300000002,32.2762848587608,18.469576876864643,266.760679,53.004652182730005
1725605880215.0,0.050415,-1.043091,-0.299316,1725605880304.0,-40.266769,-4.679878,-9.855184,1,3451211761616.7207,86280294023877.0,16907415617129.219,0.3467189202701407,5.389526,1.03576767883505,2.0820665456089054,49.178223,9.615042331890214,0.7015108276289665,7.739622000000001,1.5249986990302262,3451211761770.852,86280294027975.0,16907415617934.258,78.43219667411847,1697.82778,331.4346941538116,10.432704773256999,67.86344977375003,18.877937724294675,21.103053833083244,232.111288,46.66741673106114
1725605880712.0,0.143921,-0.980713,-0.454834,1725605880801.0,-36.333843,1.219512,-6.006098,1,3451211762592.4883,86280294048760.0,16907415622009.264,0.41841133420469545,8.536743,1.6583117473058093,2.0040237895401187,45.76123,8.93591132824462,1.0119231297485236,20.607666,4.006349632084823,3451211762765.978,86280294052849.0,16907415622808.512,61.9401090745366,1212.614357,238.09026303574305,20.048908927918564,331.753053,64.9312518293101,13.37380455056285,169.71037,33.594915506446846
1725605881243.0,0.146973,-1.030029,-0.594604,1725605881335.0,-27.911587,-9.0625,-4.161585,1,3451211763640.696,86280294074125.0,16907415626972.906,0.48584237894852905,9.47473,1.8389327261636388,2.021254364993457,44.882812,8.752756322245311,1.2729691901202664,28.196534,5.500138644952303,3451211763797.933,86280294078422.0,16907415627817.932,116.05390932931329,621.0594629999999,158.02399075952985,16.295786790387645,147.835372,30.288022354287587,20.514877593842346,135.2014448243805,33.068375892960916
1725605881787.0,0.099487,-0.996338,-0.509888,1725605881834.0,26.196648,-9.92378,2.85061,1,3451211764589.625,86280294099571.0,16907415631973.352,0.3930450782767999,7.06128,1.37016795595973,2.046619981757904,46.947997,9.169810159512085,1.0409598202657664,16.678348,3.2181505987489807,3451211764789.2773,86280294103460.0,16907415632726.436,78.81066014362742,1652.0655889999998,322.17756142927084,16.034822125049764,200.746955,40.9553290764381,14.7953032406642,252.31707999999998,49.331284220491796
1725605882239.0,0.074707,-1.020996,-0.207764,1725605882328.0,36.996952,-2.332317,4.367378,1,3451211765704.248,86280294125095.0,16907415636955.895,0.25942234789398577,4.875123,0.946364212940965,2.04305209218318,49.739992,9.736318695659502,0.5328421826073789,2.8448375020427856,0.6608121288626329,3451211765844.3374,86280294129356.0,16907415637797.068,84.37428015763271,1963.94059,383.71060584969325,5.315936152673494,31.814024000000003,7.787427092283031,13.588026611749813,278.201225,54.07316130271522
1725605882782.0,0.008423,-0.990479,0.13855,1725605882831.0,17.157013,-1.425305,3.117378,1,3451211766607.703,86280294150064.0,16907415641868.252,0.18125527246993617,2.146363,0.4201187184447382,2.0269781890590437,46.2345,9.026793775283007,1.0119963459977859,15.246462000000001,2.949518792243387,3451211766876.9414,86280294154371.0,16907415642692.459,96.90928678300031,1597.210412,311.38197668039396,6.805049347623346,53.727138,11.765721713779042,17.566972466507995,305.228663,59.843186700083024
1725605883268.0,-0.008179,-0.900269,0.440796,1725605883369.0,6.653964,-0.609756,0.815549,1,3451211767807.25,86280294177256.0,16907415647173.941,0.041271715188850804,0.3128777568084986,0.06786922443619334,1.7932578306812832,41.804079,8.169294359328564,1.2059433071983894,25.789917000000003,5.023350270894612,3451211767986.3145,86280294181667.0,16907415648037.781,49.71358521732199,753.399404,146.97097821067993,2.7356448706928056,23.544209000000002,4.783735660448251,11.764480558971568,160.80030700000003,31.521719484017495
1725605883812.0,-0.02124,-0.806763,0.567627,1725605883906.0,-3.780488,-1.753049,0.198171,1,3451211768767.2095,86280294203197.0,16907415652273.176,0.04316413502551896,0.594602,0.11737728875544351,1.6096137950732312,39.35242099999999,7.704393553006672,1.2083979428834641,29.459231,5.76676157350022,3451211768982.379,86280294208496.0,16907415653310.906,14.899485678860772,93.14916561212942,18.881967982986513,2.1636448729864868,32.58318391301167,6.323733484578419,2.6708877849889565,36.036584000000005,7.117650388880022
1725605884350.0,-0.023804,-0.812988,0.565308,1725605884401.0,-10.670732,-0.121951,-1.844512,1,3451211769726.22,86280294227836.0,16907415657106.834,0.049378259923321594,0.756589,0.14869113037388915,1.6210545264111809,39.896973,7.813129368986312,1.1871181714565353,28.963379999999997,5.66993590634266,3451211769962.1626,86280294232721.0,16907415658055.818,20.941228431173435,244.66463799999997,46.86822954683841,2.939791988799645,36.196647,7.3700880213173905,4.3137091730723425,25.387006068178472,5.567485810759425
1725605884802.0,-0.019165,-0.863159,0.46106,1725605884895.0,-31.631098,-1.737805,-3.864329,1,3451211770844.15,86280294254270.0,16907415662274.451,0.045140598677404845,0.33095309351234875,0.0695567160053253,1.742001588875618,41.496944,8.115789725313368,1.1835037542546947,26.126461,5.094407766519477,3451211771010.723,86280294259504.0,16907415663308.838,63.76750947428842,961.067093,185.17490483932139,8.161826612948278,54.327340545817215,12.52529702305508,7.095906270421946,114.19207399999999,22.012315731544266
1725605885302.0,0.003418,-1.014404,0.15979,1725605885430.0,-41.928356,4.283537,-10.907012,1,3451211771865.5854,86280294278166.0,16907415666943.705,0.07520223863881627,0.893309,0.17938721002878252,2.0577730128905047,46.567383,9.089289531230662,1.0295171672817056,15.886962,3.074072383205876,3451211772045.916,86280294283832.0,16907415668063.46,82.43478942100228,1714.169249,334.4213044402141,16.42065436134935,315.144822,61.99651491611506,22.975548887008635,393.69665399999997,77.13010634959825
1725605885883.0,0.041138,-1.046265,-0.04126,1725605885932.0,-44.192074,-9.260671,-17.126524,1,3451211772780.864,86280294304589.0,16907415672150.445,0.23751067583287697,4.14148,0.8027615042147263,2.084544317632662,49.67859000000001,9.716130752308116,0.36468685610898754,2.62268,0.6031977203420306,3451211773120.049,86280294310248.0,16907415673236.35,84.50108543490848,1534.3140580000002,298.2317127710275,32.09659969351077,250.137199,59.677644892249575,35.14794844396198,475.632635,93.18238359418773
1725605886331.0,0.083496,-1.018311,-0.40271,1725605886509.0,-40.914635,-15.86128,-17.248476,1,3451211773828.215,86280294329748.0,16907415677072.213,0.4748725604030366,8.162351000000001,1.592166993739383,2.0384082821083296,47.869628000000006,9.356955635933403,0.9596033597767213,12.157591,2.34669137810085,3451211774019.9126,86280294335492.0,16907415678205.574,81.7208457993286,1836.83692,358.54319902568693,28.830814734350934,503.064035,99.42910135435461,37.43643045247307,317.919213,66.64488878001161
1725605886828.0,0.151123,-0.952271,-0.604004,1725605886961.0,-34.329269,-8.772866,-1.448171,1,3451211774820.131,86280294354343.0,16907415681890.176,0.3936290342038348,8.651371000000001,1.686858366785652,1.8813965398851478,44.366702000000004,8.673364262385837,1.3077528279923927,26.372927,5.127143667066973,3451211775071.063,86280294360447.0,16907415683084.928,78.22809321439624,665.937507,136.06453509285777,21.69242503358708,197.057931,41.129915161253805,4.8858582070147945,26.030564493650846,6.327474407095057
1725605887363.0,0.074463,-0.947021,-0.595581,1725605887460.0,3.353659,-13.155488,2.591464,1,3451211775824.611,86280294379622.0,16907415686845.19,0.42410737280799976,7.375487000000001,1.4240086472802953,1.9120147203719708,44.079588,8.610496973769742,1.2616667043113998,27.819335000000002,5.424069086226884,3451211776082.52,86280294385705.0,16907415688034.232,121.71391332248277,1366.234789,272.9371539571762,25.93754146993614,165.62196437133088,39.603291155018304,29.97917540019863,435.23629000000005,87.10085102672655
1725605887861.0,0.036987,-1.028564,-0.473877,1725605887956.0,41.509148,-10.716464,-0.38872,1,3451211776851.446,86280294404909.0,16907415691797.275,0.20742792736459173,3.386108,0.6568885600883835,2.04356838558863,48.404544,9.464636385500826,1.0837745674424588,12.492065,2.4393228168280463,3451211777084.705,86280294410982.0,16907415692989.307,110.80944337248361,2414.390289,470.56746442030635,19.185651586442614,174.57589768375146,37.80503075902036,19.562397161223256,177.530494,37.876608995452486
1725605888359.0,0.025513,-1.011597,-0.015869,1725605888490.0,31.875,-2.690549,0.190549,1,3451211777869.5864,86280294430514.0,16907415696816.043,0.1185504532514874,2.19397,0.4269572874285517,2.0234145070689875,48.387451,9.464925291236398,0.7308549845887115,7.704955,1.5162254386228038,3451211778152.0425,86280294436984.0,16907415698079.074,83.74467085057793,1779.375051,346.40418700160205,6.735853770555573,33.578182001835536,7.665303444137662,12.751872019703205,144.359759,28.50242170953515
1725605888853.0,-0.008301,-0.965942,0.308594,1725605888993.0,14.237805,-0.716463,1.067073,1,3451211778983.3926,86280294457217.0,16907415702039.418,0.09602611602251361,0.775388,0.16500397004493786,1.9257013877351516,43.853148000000004,8.561637905521717,1.1883850561662515,21.972048,4.259642795320652,3451211779197.752,86280294463370.0,16907415703251.639,76.0944806215666,1320.5640560000002,255.00962913762572,7.306527714288873,73.97104,16.114039228346947,11.33135323629756,156.50152899999998,30.086538856208637
1725605889390.0,-0.026123,-0.812988,0.550293,1725605889614.0,-2.881098,-2.050305,-0.541159,1,3451211779976.1963,86280294482600.0,16907415707018.049,0.05486062944977691,0.5307629999999999,0.11639548427982188,1.6023705529040402,38.612672,7.554857066440329,1.2814114986947234,30.01892,5.866627907174621,3451211780142.3296,86280294489657.0,16907415708424.64,23.89785068985857,110.27439100000001,27.737333092267765,5.809304256688284,56.50541190357521,12.09064227907796,3.3882843607223987,25.282013,5.635680727294602
1725605889888.0,-0.02063,-0.790161,0.594604,1725605890026.0,-16.661585,-2.644817,-7.385671,1,3451211780958.9175,86280294507856.0,16907415711972.809,0.04020866586013268,0.2215297254693377,0.05136299933559372,1.5799383117204677,38.856689,7.609133385664941,1.230529698941763,30.166626,5.906591080575249,3451211781268.9673,86280294514897.0,16907415713346.758,31.401375380472743,313.68902799999995,62.44892076247215,16.642136121000412,111.69107074400783,27.555202670613294,15.038106813878489,130.724091,29.709015074026063
1725605890470.0,-0.005005,-0.911865,0.379761,1725605890561.0,-43.567074,1.181402,-6.52439,1,3451211781965.2754,86280294533508.0,16907415717003.58,0.025837536698179946,0.19726700000000003,0.04027530649579473,1.8166078838935575,41.132936,8.028216231412406,1.3121116064903253,25.801513999999997,5.0107217423934864,3451211782293.096,86280294540238.0,16907415718310.418,101.55439352581307,1714.0396680000001,332.92117813267345,16.749803539369154,259.00915399999997,49.86748108188462,13.600176829633199,238.612811,46.90888651074799
1725605890928.0,0.002319,-1.017334,0.052002,1725605891059.0,-42.271343,-2.73628,-8.483232,1,3451211783024.989,86280294559319.0,16907415722055.918,0.19473083743015418,1.6676009999999999,0.3351105032997188,2.053293903586605,48.363037000000006,9.453957578961411,0.8460655912521581,10.772704999999998,2.0868505151173755,3451211783341.4033,86280294566298.0,16907415723415.91,91.05749104719081,1772.42382,344.30123688032813,10.937545229065604,102.73795995978696,21.10052245873514,21.163330914195306,251.04421299999998,50.39285961196243
1725605891507.0,0.048096,-1.052246,-0.195679,1725605891594.0,-36.966465,-0.419207,-9.108232,1,3451211783965.5776,86280294584588.0,16907415727021.93,0.19721464354218063,3.596318,0.704559037884073,2.0972510633838364,49.750856999999996,9.728132443264059,0.4589154633111059,3.3804929999999995,0.7370629785380846,3451211784237.908,86280294590750.0,16907415728224.156,75.56935564408589,1613.4908960000002,314.3362311488395,14.975027492525744,157.682932,31.20052268705846,24.29683479450762,243.89482099999998,48.286707258157726
1725605891957.0,0.088989,-1.011353,-0.446045,1725605892047.0,-34.88567,0.289634,-7.309452,1,3451211784967.929,86280294608858.0,16907415731771.424,0.34521924419242916,6.459837,1.2522819992825769,2.0351507791336103,47.482909,9.279683456367295,0.9717965333244558,16.579349999999998,3.205584434563608,3451211785267.4087,86280294615389.0,16907415733043.424,76.09373445320938,1384.702774,267.6671868478802,28.94718907469093,431.836903,84.51731113635411,15.834801430276029,194.00915299999997,38.27192543522648
1725605892448.0,0.148315,-0.967041,-0.557129,1725605892583.0,-15.556403,-6.303354,-8.025915,1,3451211786131.987,86280294634826.0,16907415736834.504,0.4602375970151392,9.04834,1.7562617678020693,1.8951476706025332,44.124757,8.622787302044738,1.1452363476969951,25.644163,5.001839739537428,3451211786365.8813,86280294641964.0,16907415738243.8,46.5130214142398,419.710374,82.97952864149445,22.76673107877024,154.42073599999998,34.292505938247466,17.15923343458874,205.663116,41.09712075752394
1725605892994.0,0.177979,-0.908569,-0.585449,1725605893084.0,8.4375,-6.410061,2.446646,1,3451211787105.5537,86280294660826.0,16907415741943.006,0.48615550722775874,10.431277999999999,2.031695840469503,1.8147173629680768,44.132075,8.638402207843017,1.235430119014529,26.572142,5.1779842349876954,3451211787389.737,86280294667948.0,16907415743338.768,81.07467905013583,1158.4527659999999,222.91756271700274,13.42814360146548,140.11433399999999,27.030958766869567,23.213715267794555,309.961896,59.398755082108444
1725605893488.0,0.087158,-1.002563,-0.436768,1725605893621.0,38.338417,-3.993902,9.230184,1,3451211788060.8564,86280294685746.0,16907415746834.777,0.40445323603573635,6.777834,1.3107768678206302,2.017459282431423,48.190675,9.42550806169071,1.0245464676026297,14.070802,2.734021970515046,3451211788355.0444,86280294692728.0,16907415748199.918,97.88375326373134,2147.7515839999996,418.8550594998609,6.883448657412146,42.53673782917957,10.204462621664176,25.647695838897995,535.8231880000001,104.27713999696155
1725605893980.0,0.010864,-1.039429,-0.083618,1725605894158.0,36.867378,-1.623476,5.625,1,3451211789284.27,86280294712541.0,16907415752054.555,0.18691184919055331,2.255124,0.45275429665036626,2.0787801755502993,49.04699599999999,9.589468763797653,0.7158142585826678,5.142211,1.1121540932793195,3451211789547.3755,86280294720882.0,16907415753703.45,102.48307725563467,2186.87505,426.58016619875957,11.6875699232942,97.01781039778892,25.111906431271812,19.88572674137756,373.201227,72.43357074100832
1725605894566.0,-0.039429,-0.951416,0.315063,1725605894664.0,15.929878,0.884146,4.496951,1,3451211790145.9375,86280294739225.0,16907415757325.516,0.09198070617202299,0.5689690000000001,0.1362893166764584,1.9374231251594867,42.826537,8.350249660202566,1.2716771473404376,23.252564999999997,4.505971518473569,3451211790477.872,86280294745897.0,16907415758619.676,82.86001750125395,1333.483251,257.9238284718053,8.108103627343075,123.315551,23.702794491425365,14.535275206523593,282.492383,54.81971234353153
1725605895020.0,-0.099121,-0.788574,0.580444,1725605895159.0,-3.917683,-6.440549,1.173781,1,3451211791258.2495,86280294764956.0,16907415762350.783,0.18931795301662027,3.3220229999999997,0.647816342227237,1.5730648879260585,37.074221,7.2480219125747345,1.3643963756198856,31.575806,6.168483172253292,3451211791558.928,86280294772176.0,16907415763763.186,36.152395668074604,227.0937284645082,56.8832137600046,13.428519091862478,149.12497308883434,29.36517954610929,11.94970385061761,155.510677,30.630960502332425
1725605895553.0,-0.068237,-0.753296,0.628052,1725605895741.0,-10.182927,-2.294207,-1.852134,1,3451211792366.7974,86280294791627.0,16907415767568.697,0.14588755407240037,3.19812,0.6232875705600845,1.515651330969076,36.92102,7.227210365504243,1.32548615378081,32.221681000000004,6.306785315676534,3451211792715.7427,86280294800083.0,16907415769223.543,21.381996197864154,278.06403,53.741999538905425,4.251475085483875,63.727132999999995,12.582108004717748,5.35542291802457,36.676833,7.386254221482413
1725605896062.0,-0.056641,-0.857056,0.484985,1725605896285.0,-32.599087,-5.800305,-7.5,1,3451211793595.774,86280294818975.0,16907415772900.219,0.14558448309141114,2.300658,0.44309303084066504,1.6832589452855415,38.64624,7.546521202909766,1.378924983828081,29.764526999999998,5.797704187146988,3451211793987.148,86280294829631.0,16907415774995.482,76.42294862337287,1151.49393,225.08943621576708,10.65301515805808,120.564029,27.641638986332875,15.901837882699667,222.95732099999998,43.963113821616325
1725605896687.0,-0.010254,-0.982544,0.165161,1725605896873.0,-44.0625,-3.841464,-8.765244,1,3451211794697.3887,86280294848740.0,16907415778751.111,0.12304716142138611,1.0931419999999998,0.2177596057273693,1.9843525046050963,45.76831000000001,8.939313552334465,1.1179358597591396,17.625850999999997,3.4074845582245548,3451211795068.6655,86280294859087.0,16907415780787.396,87.61044541821717,1795.4802209999998,350.2626230462769,6.7047166911165315,71.58536799999999,15.455787063275613,17.86523705657318,335.464942,65.52389463032188
1725605897264.0,0.052246,-1.030273,-0.106445,1725605897413.0,-31.12805,-4.214939,-6.204268,1,3451211795859.9355,86280294875894.0,16907415784056.594,0.23899092888563234,4.198123,0.8116801562584751,2.0753068531460133,50.220826,9.827887704419435,0.37331806682204643,1.8453057107296593,0.40403483472380214,3451211796279.844,86280294887529.0,16907415786345.865,66.87111097370557,1271.272891,248.10602939091405,8.064486729249507,53.02524007832275,13.027083682538967,16.147477094569343,180.55640799999998,36.22666258476
1725605897865.0,0.109497,-1.036987,-0.313843,1725605897993.0,-27.553354,3.117378,-7.248476,1,3451211796729.2896,86280294903677.0,16907415789550.316,0.31712157592743223,6.649899,1.293616916059581,2.049156008341683,48.78540099999999,9.541051915050792,0.6958364995476637,10.97949,2.1182361768059135,3451211797175.9473,86280294913429.0,16907415791449.764,56.72539206588226,1155.785092,225.32999108773387,21.451059540181653,372.179888,74.13533308881273,17.973257202862513,271.54726500000004,52.26417938931714
1725605898306.0,0.141357,-0.975342,-0.480713,1725605898528.0,-27.835367,-2.431402,-10.495427,1,3451211797779.591,86280294928208.0,16907415794343.297,0.5040603206284484,9.402587,1.8199788268527044,1.956046770142059,45.98022399999999,8.988684488226175,0.987163896399865,19.690795,3.8231440892968758,3451211798190.826,86280294938352.0,16907415796329.986,49.45745727172173,899.032031,176.11235376479064,17.544938083456646,126.95885200000001,31.768723474840517,20.395742340663134,335.396351,66.11932273329725
1725605898806.0,0.224365,-0.900391,-0.537842,1725605899028.0,-9.001525,-1.5625,-2.660061,1,3451211798774.457,86280294953419.0,16907415799286.395,0.5344220370846425,12.385006,2.4197684134350013,1.796536690200562,43.270995,8.466679062776723,1.1043841913632308,25.927979999999998,5.067519857419235,3451211799194.3965,86280294963639.0,16907415801286.824,29.61272232286009,151.5003731243408,30.58476902150341,6.165623289739972,42.248478,10.66557527126694,9.287723133768619,57.05590658408979,10.730300895580411
1725605899336.0,0.191162,-0.934204,-0.548584,1725605899522.0,14.580793,-4.817073,4.710366,1,3451211799810.2964,86280294978803.0,16907415804256.443,0.5624225034057168,12.020508,2.341574569012511,1.8685888126440566,44.716189,8.747158008878678,1.2168678512065794,24.997557,4.863034330837512,3451211800215.8477,86280294989024.0,16907415806260.012,91.50437792162856,1595.678391,309.74005361812453,10.57290772074606,83.467991,17.76107499116157,32.507954080790824,555.083857,107.68539318065191
1725605899841.0,0.102295,-1.00647,-0.367554,1725605900020.0,32.934452,-6.516768,6.875,1,3451211800871.645,86280295004840.0,16907415809354.574,0.40838324070543364,7.2742890000000004,1.4073733035500453,2.0645975194692543,48.412110999999996,9.46188851643524,0.8231914157323135,11.35083,2.1941396197968235,3451211801245.6655,86280295015329.0,16907415811419.285,78.51144076654352,1800.076271,351.6863628267631,14.883569628978716,193.879579,38.222053428635014,23.53634666238656,453.78049599999997,87.97356374767617
1725605900372.0,0.042969,-1.006348,-0.072754,1725605900551.0,25.846037,-3.932927,4.474085,1,3451211801800.5483,86280295029768.0,16907415814253.37,0.21839191858406956,3.380496,0.6523269476358992,2.0353537064275975,49.117922,9.610918580685532,0.5663191351589664,4.298096,0.9033510070323718,3451211802224.95,86280295039668.0,16907415816187.568,72.2938865361225,1527.2485040000001,297.309943616692,7.7270603354629745,112.111281,22.86566940504925,19.055418918982042,358.62043500000004,70.14885744919543
1725605900831.0,-0.016113,-0.971924,0.238892,1725605901050.0,12.507623,0.746951,1.509146,1,3451211802827.3965,86280295054592.0,16907415819110.945,0.09909571721233501,0.7468250000000001,0.15694193034843473,1.9735585199200674,46.045658,8.998592431098515,1.0006824312030091,17.39856,3.36954296551309,3451211803255.166,86280295065000.0,16907415821148.148,71.3264633916133,1184.542708,230.62588988512462,11.20392802349821,163.38415099999997,31.383392186198762,11.324772692475143,172.507626,33.538306793336595
1725605901361.0,-0.041016,-0.858032,0.468262,1725605901547.0,-4.161585,-0.777439,-2.088415,1,3451211804117.3193,86280295082856.0,16907415824617.004,0.0871196145053414,1.347046,0.2633535724182999,1.7214361024710834,41.415777,8.10294117490449,1.1305291132831126,25.91919,5.06137663401404,3451211804499.5767,86280295094843.0,16907415826985.81,25.324517073321964,140.07485206098858,29.813101212222026,9.806133261925117,63.170734,13.923344571418273,4.968384750828205,42.67180248512026,8.925745683043113
1725605901951.0,-0.033325,-0.849487,0.524048,1725605902132.0,-8.978659,-3.75,-0.89939,1,3451211805030.3086,86280295108545.0,16907415829674.385,0.06420696679244821,0.8585210000000001,0.16937991234663413,1.703802842034782,41.630009,8.149973381515649,1.0759948589471444,26.483031,5.186216599125794,3451211805620.4023,86280295121492.0,16907415832196.727,14.487213062821295,229.07774899999998,46.09864567072973,6.50222477518884,70.830794,15.597626684724702,2.4943052048614396,21.986432916066455,4.511608986171045
1725605902535.0,-0.025269,-0.875488,0.488647,1725605902714.0,-29.557928,-1.112805,-5.175305,1,3451211805999.2505,86280295136114.0,16907415835104.102,0.0511321965162763,0.732791,0.14209085451759693,1.745434672366561,42.560182,8.331745534948961,1.0478867876991287,24.989991,4.887520856187461,3451211806519.0913,86280295147333.0,16907415837288.055,58.17934998404949,531.699705,110.92452717637015,2.1901935890008595,11.674165396715761,2.944456800527081,10.274069918380752,91.112808,18.197233480905393
1725605902944.0,-0.006836,-0.952759,0.2771,1725605903205.0,-33.163109,-1.349085,-6.158537,1,3451211807118.3936,86280295160703.0,16907415839894.863,0.0622860300178095,0.420169,0.0930113002722816,1.946100739118066,44.65026399999999,8.72057921619786,1.0906916204148742,20.046999,3.888415391436262,3451211807579.719,86280295172514.0,16907415842211.607,72.64654934382197,1433.35369,278.407994149033,2.124298332585658,24.420731,5.0744183606534286,14.561124351174943,264.27592000000004,51.234912746808234
1725605903488.0,0.032471,-1.009644,0.056274,1725605903712.0,-30.602135,-2.393293,-6.112805,1,3451211808078.018,86280295186146.0,16907415844892.512,0.1893592571159875,2.765626,0.5303161407341109,2.0420913152328315,49.000733,9.586057377375361,0.6182802970838988,8.407102,1.6236488458165594,3451211808536.69,86280295197700.0,16907415847157.338,65.72099906590965,1342.118932,260.99521459587635,7.174749500796663,74.63975143452157,16.242802715437907,12.600868574447077,220.868908,42.84038065329613
1725605903976.0,0.072266,-1.053223,-0.217896,1725605904200.0,-45.724087,-4.748476,-8.841464,1,3451211809112.5176,86280295211185.0,16907415849792.41,0.26254854825608953,4.87561,0.9532031132558788,2.107299161609452,49.689943,9.715015628109796,0.5064337894162741,3.50647,0.780668336103747,3451211809621.678,86280295223150.0,16907415852130.824,82.37422688082779,1557.652472,304.45722970732004,7.391308301614789,77.50870858226455,15.716337885946684,16.685163595243917,239.39024799999999,47.48577246099256
1725605904471.0,0.088013,-1.06189,-0.542969,1725605904739.0,-56.852135,-8.079268,-18.67378,1,3451211810109.457,86280295236513.0,16907415854758.967,0.41381214925425724,6.859256,1.3293863008959481,2.09304796566716,47.02526999999999,9.180017725895853,1.0767954600860548,16.415166,3.1664739938635313,3451211810539.215,86280295247910.0,16907415856997.646,97.92676988115875,1444.100646,286.41917145901704,16.57600641376219,142.47657035408795,34.28571944485125,28.904739839415335,402.39329599999996,82.31738010389266
1725605904969.0,0.170898,-1.000488,-0.571533,1725605905234.0,-12.858232,-3.963415,-5.381098,1,3451211811125.405,86280295261835.0,16907415859720.42,0.47347968169171817,10.085939,1.9643069854923463,1.9190400419726068,43.270264999999995,8.442454747315425,1.1500738373690573,27.553098,5.390414907515124,3451211811578.076,86280295273562.0,16907415862021.783,46.25956963151692,261.36936830914925,54.26840177344348,13.049269717943435,71.3843177580126,19.101975066501257,12.99465547679363,74.4085815414073,14.575865511723636
1725605905500.0,0.138428,-0.963745,-0.598022,1725605905728.0,24.809452,2.439024,5.602134,1,3451211812117.105,86280295286824.0,16907415864618.846,0.4974071959479517,10.179321999999999,1.9809689742805148,1.9268177740348957,45.127562,8.820140399330601,1.3402848943808183,26.510989,5.151302602876519,3451211812647.45,86280295298718.0,16907415866938.443,111.38970324454276,2183.2012569999997,427.09373683520295,17.412919700812253,286.676836,57.56161081759179,29.181996438765317,541.3033620000001,106.35543512066207
1725605906000.0,0.091064,-1.037354,-0.360352,1725605906272.0,34.641769,1.928354,7.134147,1,3451211813165.0405,86280295312807.0,16907415869708.695,0.314418687163529,6.25061,1.2155144009341736,2.1019183884456165,48.585207999999994,9.491352777469888,0.79685280117085,8.044436000000001,1.5705428080030708,3451211813604.8296,86280295324763.0,16907415872059.434,96.49848561316287,2115.807977,413.060818395364,12.154464082408817,225.98323699999997,44.156303012063745,22.60446739330989,473.635681,92.61694576017214
1725605906494.0,0.025391,-1.009766,0.025146,1725605906726.0,18.788111,-0.58689,3.391768,1,3451211814318.0513,86280295338704.0,16907415874759.543,0.1889970806788484,2.5004910000000002,0.4826317039550064,2.0426084716891855,47.85461599999999,9.351806100670348,0.8384503399844021,10.451904,2.0202994111825014,3451211814768.2188,86280295351440.0,16907415877267.375,87.27623479222062,1522.4619189999999,294.2847958912319,4.701885924017109,43.033537,8.545683790786175,16.680029569241498,272.240859,52.37597147365557
1725605907087.0,-0.026855,-0.920898,0.362183,1725605907262.0,-4.96189,-10.243902,-1.52439,1,3451211815183.6475,86280295364834.0,16907415879916.621,0.0638466522023492,0.35024305497838176,0.08611934442477057,1.839497120786652,42.586669,8.318839361613593,1.194501772229345,23.901122,4.64252486866922,3451211815737.5444,86280295376846.0,16907415882255.494,47.63220669681603,420.39635,89.41541895948838,17.283537139552365,226.692078,49.60793423299605,22.114189660697047,268.917688,57.55429977599202
1725605907530.0,-0.024902,-0.830688,0.536255,1725605907805.0,-5.205793,-2.14939,-1.623476,1,3451211816239.431,86280295389771.0,16907415884791.35,0.0555133834164997,0.59131,0.12330556885904502,1.676406447932701,40.597778999999996,7.945075027276901,1.1336677413924687,27.637211999999998,5.410123510413441,3451211816701.4404,86280295401801.0,16907415887152.658,10.852886571251062,189.611285,36.77170912659483,4.761489805369524,35.000001999999995,8.010304912071888,3.4344812914366223,25.139309019380285,5.949905117371818
1725605908065.0,-0.014893,-0.849854,0.521118,1725605908294.0,-7.591464,-1.318598,-2.705793,1,3451211817246.0513,86280295415000.0,16907415889735.725,0.030845287962921707,0.308352,0.06103142004381381,1.702096602178967,41.820555999999996,8.189211808586968,1.0736960120908707,26.377319,5.1651219388056235,3451211817738.274,86280295427405.0,16907415892167.406,13.165406397864793,209.359764,41.714461345928264,6.581812037164578,54.695125000000004,13.418714774503126,5.406070127530285,55.853657999999996,12.321506490426154
1725605908565.0,-0.014893,-0.876587,0.486938,1725605908829.0,-26.17378,-1.417683,-7.118903,1,3451211818301.505,86280295440643.0,16907415894754.637,0.023072790174924415,0.150999,0.03877904973028492,1.7416967032253357,42.586425,8.337853909982096,1.044604645939789,25.047238999999998,4.900055010237278,3451211818786.571,86280295453075.0,16907415897193.29,55.892710800379746,577.903982,121.35801433515475,2.0706760380204536,18.619124130832084,4.205275553694254,13.935904415956488,155.57926899999998,32.31610150877983
1725605909065.0,0.004517,-0.941284,0.319092,1725605909332.0,-30.350611,0.396341,-7.8125,1,3451211819265.5015,86280295465775.0,16907415899687.908,0.10987585734131569,1.4072300000000002,0.272257316236664,1.9404359227037062,44.791137,8.75001700799312,1.0536162868644505,20.358273,3.9540085907243765,3451211819727.3496,86280295477856.0,16907415902059.66,58.54458879458019,1268.483262,247.93296514302867,3.5708530558693004,60.358232,11.719212522735363,14.414240503793515,269.83994,53.01184556178235
1725605909553.0,0.04248,-0.982788,0.080811,1725605909819.0,-36.219513,-1.83689,-7.713415,1,3451211820315.634,86280295490993.0,16907415904621.152,0.21053553180741275,3.58142,0.6933222030950471,2.000623030338413,48.108520000000006,9.41235345060802,0.7240346907118717,10.388550000000002,2.007063575891966,3451211820845.0913,86280295503284.0,16907415907021.967,70.22023081116721,1562.355217,305.3395631066717,5.668841847158286,35.861281000000005,9.544740223528121,14.846529976449121,284.992388,55.63374882150077
1725605910090.0,0.092163,-1.032227,-0.159424,1725605910362.0,-35.579269,-2.256098,-11.150915,1,3451211821301.236,86280295516447.0,16907415909615.746,0.2830454335987798,5.914186,1.1515974010621588,2.04980851949416,49.990476,9.786515791170807,0.4200422038708368,3.015502,0.6337713072061013,3451211821894.2344,86280295529664.0,16907415912192.61,67.21639600208636,1367.6982039999998,267.3721387208363,3.989218116453916,39.688872172638405,8.555082223195743,20.910588102625844,221.303358,44.38013127392101
1725605910585.0,0.121338,-0.978516,-0.43689,1725605910901.0,-30.472561,-7.484756,-12.080793,1,3451211822437.3193,86280295543464.0,16907415914898.666,0.4358193439470918,8.072263,1.5657480790126765,1.9894854127316923,47.134157,9.216369422714088,0.9924010334860054,15.5968,3.024355902767369,3451211822851.773,86280295555860.0,16907415917344.387,67.59061647895858,1211.6158810000002,234.70519350593918,13.10358265059082,137.995432,26.661781290616755,29.847468850493332,466.196659,89.82066792716641
1725605911125.0,0.203125,-0.922607,-0.553223,1725605911354.0,-15.571647,-7.46189,-4.29878,1,3451211823387.162,86280295568418.0,16907415919798.492,0.5489964223166436,11.852907,2.309013723678863,1.8464050531619578,43.807861,8.565932086924974,1.1757538633927525,25.838748000000002,5.037609744615974,3451211823937.125,86280295581232.0,16907415922301.879,36.73731034333264,216.29119746464775,42.888922675525386,12.776228229312178,46.868388747836896,11.592417721121643,8.341830445824442,80.64212118379974,15.499944099474265
1725605911619.0,0.223022,-0.954834,-0.553345,1725605911895.0,11.181403,0.9375,2.964939,1,3451211824433.6187,86280295594046.0,16907415924816.178,0.5063194622839037,11.751950999999998,2.2958277495459316,1.9016843831249262,44.094606999999996,8.614224067896094,1.1574778147803537,26.03638,5.080404134746104,3451211824907.85,86280295606621.0,16907415927286.236,104.93606812614331,1573.73479,307.0203384681341,21.63988842914059,274.382626,54.45872738091457,33.76325595952253,474.885683,92.11068922428403
1725605912123.0,0.119873,-0.998657,-0.456055,1725605912386.0,35.121952,1.044207,8.803354,1,3451211825447.328,86280295619181.0,16907415929739.916,0.4837458341949186,8.636718,1.6759701270355454,2.023634518461919,47.689454999999995,9.322471642106528,1.026217059814532,13.218384,2.5647783008830722,3451211825946.0933,86280295632153.0,16907415932286.006,87.18551495921223,1954.3521730000002,381.4181144190126,16.70442752050925,202.675311,39.36136794366614,27.017301619890464,520.632636,101.04805540502332
1725605912654.0,0.054688,-1.042358,-0.067139,1725605912883.0,24.496952,-0.846037,6.5625,1,3451211826429.71,86280295644772.0,16907415934763.13,0.25917148746463287,4.491091,0.8692029203148192,2.0516906324622517,49.18603400000001,9.62218899859631,0.5563172089026142,4.101929999999999,0.8885387331595653,3451211826980.337,86280295657328.0,16907415937213.713,78.213942690257,1526.8979100000001,296.40799220366665,12.458560927194908,164.33689299999998,32.36114904962683,17.563603294172456,384.06250700000004,74.87889902748896
1725605913150.0,-0.008423,-0.977173,0.234863,1725605913423.0,10.03811,-4.641768,2.286585,1,3451211827439.7983,86280295669756.0,16907415939656.783,0.10296189750493083,0.633788,0.14844021231817248,1.9629789698401376,45.697389,8.928603064467966,0.9867873235606746,17.752685,3.4388075273962286,3451211827908.119,86280295682311.0,16907415942123.965,56.70128845603947,846.562518,165.33061179388096,9.468414431706295,110.548778,24.29292272112024,22.342008148927135,324.41311600000006,63.29265375135595
1725605913646.0,-0.036987,-0.875732,0.447021,1725605913914.0,-2.644817,-1.440549,-0.464939,1,3451211828469.1133,86280295695006.0,16907415944600.81,0.07963100800486267,0.9277350000000001,0.1818175364897718,1.763511676832812,42.594117,8.334899323048875,1.0756022770152638,24.558597,4.794918777423361,3451211828972.3496,86280295708037.0,16907415947158.031,21.614895546913445,121.676829,29.670020030626084,3.1572166884837958,27.718902793018476,5.997818395910655,4.366235399598732,41.44055,8.669052817880907
1725605914150.0,-0.039551,-0.855713,0.508667,1725605914411.0,-4.291159,-2.606707,-1.341463,1,3451211829487.395,86280295720778.0,16907415949653.643,0.07703520927746617,1.365965,0.2675882469715309,1.7097997622402843,41.994628999999996,8.22316711545779,1.049445131505538,25.853639,5.063170150816242,3451211830026.926,86280295733714.0,16907415952184.062,8.685209405147337,117.324697,23.196201331525362,4.547589700026077,48.7300287963211,9.622699432052931,2.891065579987698,13.338419000000002,3.743332766227341
1725605914684.0,-0.033203,-0.860596,0.470215,1725605914917.0,-24.717989,-1.417683,-4.070122,1,3451211830484.8223,86280295746108.0,16907415954620.508,0.0630542264074135,0.927366,0.17883081280630203,1.7242326334435438,42.391846,8.301377175679791,1.0451959025694426,24.974243,4.88473630939313,3451211830981.2173,86280295758479.0,16907415957044.4,59.376636118366775,784.687518,152.70198041297547,2.535666354876259,27.019814999999998,6.048717014905024,9.647680447931611,140.632627,27.479997378821565
1725605915176.0,-0.012817,-0.936279,0.270874,1725605915409.0,-51.539635,-2.14939,-12.660061,1,3451211831491.7954,86280295770882.0,16907415959471.932,0.06851710055323201,0.39795,0.08689451331274198,1.9128531174480312,45.278199,8.852863086182904,1.013295476169603,18.914793,3.6676193365803624,3451211831990.7773,86280295783668.0,16907415961980.006,107.38686444013611,1810.243941,351.5897998589413,5.1678029965422,56.547258,12.242999562649866,26.73236505659372,371.20428000000004,72.08579204864587
1725605915677.0,0.028687,-1.043335,-0.137329,1725605915944.0,-51.9436,-10.998476,-13.391768,1,3451211832516.0723,86280295796394.0,16907415964470.467,0.3086502746689106,3.963381,0.7661684534775665,2.1055772937291555,49.078126,9.590547159256245,0.6876481454456225,3.6154770000000003,0.9236545171666062,3451211833014.0015,86280295809118.0,16907415966966.104,98.56390040292537,1930.769869,377.76555440318043,21.02068933373886,160.92226,32.48367413309509,27.405451175277662,585.068614,114.10684385864849
1725605916175.0,0.131104,-1.029907,-0.402832,1725605916442.0,-39.260674,-12.118903,-10.792684,1,3451211833630.822,86280295821914.0,16907415969452.166,0.4440476397059728,8.752690000000001,1.7057274066578034,2.0563677914538467,48.335938999999996,9.447774905626412,0.8821499407130362,13.248656,2.5670759587521803,3451211834260.0396,86280295837148.0,16907415972433.357,80.72917541318131,1398.16314,270.0056957219534,48.892498977828936,293.2617886521807,66.74811726746603,24.348643404016006,182.06554999999997,39.133011275693505
1725605916841.0,0.196533,-0.946533,-0.538208,1725605917021.0,-18.399391,-1.608232,-1.95122,1,3451211834568.2227,86280295850680.0,16907415975132.66,0.5217684839612367,10.900023000000001,2.1211292153496806,1.9076914440617658,44.111576,8.615988257661163,1.1774972586672052,24.624878,4.796050460768463,3451211835197.82,86280295863679.0,16907415977657.55,47.35522752253766,414.37501499999996,79.41258347544998,37.23249152822525,259.603666,59.27048898439491,5.980115600998626,44.24209067343527,9.620945521469718
1725605917246.0,0.205933,-0.897217,-0.59375,1725605917520.0,9.10061,-4.397866,0.670732,1,3451211835656.0674,86280295875056.0,16907415979886.334,0.515119992883156,11.714356,2.2869343100003503,1.8037971628341123,43.188111,8.447868905794481,1.1898258310312946,27.998655999999997,5.4744767623313,3451211836210.136,86280295888867.0,16907415982592.393,92.02182222557629,1350.533571,260.39834002960083,7.5577770055959546,64.75058207987846,14.189761696854108,20.998974865626515,283.742385,54.40060474243353
1725605917745.0,0.148804,-1.029541,-0.501099,1725605918017.0,39.458843,1.714939,8.490854,1,3451211836686.9976,86280295900482.0,16907415984865.955,0.49768906016025766,9.985962,1.9396550297033954,2.032665649494516,47.464112,9.27646576263966,1.1482935224259554,17.602417,3.398022611081461,3451211837329.44,86280295915309.0,16907415987761.365,116.28757833111507,2555.853725,499.49939272672316,21.834629429020797,380.022876,75.162901125121,33.83237179986628,652.9268420000001,126.94613890228588
1725605918285.0,0.029419,-0.995483,-0.139038,1725605918559.0,35.678356,-2.385671,7.439024,1,3451211837689.092,86280295926644.0,16907415990001.7,0.31490528564276976,4.353519,0.8377900584615967,1.9954094273871286,48.448242,9.482630853900824,0.6693229382228897,3.835696,0.8999829823054866,3451211838238.65,86280295939926.0,16907415992600.7,86.95836289894777,1953.475651,381.2013791265864,3.940729761900397,47.12350652535748,9.014935936417576,26.231168561708746,481.66159700000003,93.4769713161271
1725605918780.0,-0.008301,-0.967163,0.266968,1725605919051.0,11.356708,-0.426829,2.591464,1,3451211838689.8877,86280295951044.0,16907415994778.041,0.07747255681775242,0.694215,0.16453822525844905,1.9473935764367745,43.84265,8.556178177202993,1.2116301463351342,21.095214999999996,4.087673636538868,3451211839290.418,86280295965662.0,16907415997639.346,74.07793581644566,1102.1570390000002,211.78584775623307,8.067857541606184,98.346037,20.52393339144093,15.454962625238748,221.19665200000003,42.636620219717656
1725605919277.0,-0.046021,-0.811279,0.542725,1725605919549.0,-4.672256,-2.278964,-1.516768,1,3451211839764.3364,86280295977093.0,16907415999875.947,0.10560783143548556,1.57715,0.30899778503538516,1.6170454852133662,38.422118999999995,7.51438766096126,1.3222542631666543,30.124391000000003,5.881675981502698,3451211840295.56,86280295991237.0,16907416002654.646,19.66714893392347,105.86094536628922,21.014892803865266,5.073869410030068,43.734756000000004,9.577866739609785,5.4025413894490235,39.37458525801079,7.703542502259592
1725605919814.0,-0.038696,-0.783203,0.599365,1725605920080.0,-17.240854,-3.734756,-3.589939,1,3451211840713.094,86280296002161.0,16907416004799.27,0.07617352263988024,1.1013169999999999,0.21692579214512886,1.5731975399180593,38.413945,7.5201839087384315,1.2669895191589204,30.787962999999998,6.026096828290502,3451211841317.7725,86280296016510.0,16907416007604.82,33.18648444710021,412.42379100000005,80.09698976134946,7.624650851023665,118.81097600000001,23.535133343795188,6.969448178823779,84.275918,16.30320186197335
1725605920305.0,-0.018555,-0.848511,0.509888,1725605920578.0,-40.625,-5.495427,-9.123476,1,3451211841936.8613,86280296028610.0,16907416009948.35,0.07885803435870659,0.4669070276663205,0.09618259690131604,1.7130855735930195,40.217164,7.861454763494612,1.254110915639592,28.176634,5.498670584720342,3451211842519.634,86280296044631.0,16907416013099.664,77.39411022218647,1180.061003,228.63351841849857,10.584032681642846,190.57165,37.088990525558124,17.00395746229997,248.41464100000002,47.95813544263678
1725605920898.0,0.033081,-0.967407,0.184448,1725605921159.0,-45.106709,-9.603659,-9.695122,1,3451211842996.628,86280296056926.0,16907416015512.008,0.22309991326870926,3.166382,0.6158367484423566,1.9671690692832484,44.885009000000004,8.764240908955173,1.1550934297099773,18.723385,3.6204569527096657,3451211843561.25,86280296072213.0,16907416018517.197,93.31574200843177,2083.5442510000003,406.55982775142394,19.22214497198452,300.92226100000005,59.137305228582896,20.926316596450615,333.74239,64.89188696858011
1725605921435.0,0.092163,-1.027344,-0.185181,1725605921700.0,-48.559452,-26.98933,-13.841464,1,3451211843962.0967,86280296082554.0,16907416020546.225,0.32550074918656713,6.369258,1.2362835219184731,2.063921147041729,49.332398000000005,9.64954353205301,0.46569704643835697,2.654681856184501,0.5479365624454996,3451211844589.3306,86280296097743.0,16907416023518.63,93.18865912728091,2060.09152,402.10669542783916,54.83384944785439,820.457338,163.42925391942566,34.74989094225992,382.256103,80.39275695064542
1725605921934.0,0.148926,-0.982544,-0.506714,1725605922244.0,-35.0686,-0.830793,4.435976,1,3451211845035.502,86280296108933.0,16907416025711.707,0.5151168053003863,10.363767,2.0228802674197706,1.9778079619791635,47.08606,9.208857992151462,1.1420135512261984,18.105347000000002,3.5050085189478115,3451211845529.4546,86280296123675.0,16907416028620.076,74.57863203737155,885.3887460000001,175.12397026714805,14.972010763079098,199.977138,39.66951536945707,21.92143765792517,399.878055,78.31490361548013
1725605922466.0,0.105957,-0.949951,-0.562134,1725605922699.0,-2.492378,-2.408537,-0.58689,1,3451211846139.382,86280296135022.0,16907416030811.773,0.3215507544208134,6.374146,1.2381140734741873,1.9064939527169602,45.038083,8.806503941774798,1.1191743032460126,26.180417000000002,5.117649585587126,3451211846820.3687,86280296152122.0,16907416034163.287,79.78601759929421,918.795747,175.61978565283613,7.259106669053291,32.24123378481001,7.725106789650879,12.03564949251339,142.271344,29.374401971292503
1725605923010.0,0.106689,-1.005371,-0.484497,1725605923324.0,31.516769,1.158537,-0.007622,1,3451211847063.775,86280296161855.0,16907416036100.342,0.28183798404518634,5.97888,1.1638007151474283,2.002177520292855,47.336545,9.255590920593615,1.1088694352394226,18.800904,3.6375930002072248,3451211847829.6255,86280296178133.0,16907416039266.75,84.50059583760937,1822.2332729999998,355.58208957159667,12.117858402643405,187.309458,36.580136907303036,9.050998495736486,94.679877,18.28745311754165
1725605923463.0,0.09729,-1.018677,-0.209351,1725605923864.0,30.373476,1.448171,1.006098,1,3451211848204.629,86280296188404.0,16907416041286.762,0.23818065608199254,5.3977070000000005,1.0533769178341776,2.0596567479603305,49.657714,9.716345029723621,0.512447758526478,2.971437,0.6842181173945837,3451211848743.315,86280296203355.0,16907416044228.662,77.55979621609927,1770.38876,345.8775092130208,10.545634531587018,178.704276,34.82947250190978,15.080503651514794,208.010676,40.57229331062063
1725605923998.0,0.041748,-0.98999,0.105835,1725605924314.0,25.42683,0.632622,5.259147,1,3451211849153.1377,86280296212851.0,16907416046083.367,0.21541778874845016,3.4870609999999997,0.6739350045367639,2.0020590904328586,47.486206,9.285429072125995,0.8827969330921878,12.826291000000001,2.480280364925439,3451211849768.995,86280296227543.0,16907416048956.648,67.84231731061087,1466.196684,285.73184187315866,6.901377087545367,111.54725699999999,21.88071074211384,13.813821801708219,311.128055,60.735472316885755
1725605924496.0,-0.025269,-0.913574,0.396973,1725605924816.0,7.431403,0.015244,0.9375,1,3451211850150.621,86280296237539.0,16907416050919.174,0.1127128566928722,0.667967,0.14988041099066965,1.8577945067213963,42.070189,8.210856863066557,1.256826707392653,25.080812,4.873282595860428,3451211850755.4624,86280296252813.0,16907416053913.504,58.515291627427175,818.4908760000001,160.1679312560931,9.400842241436195,118.42226099999999,24.828158937528382,13.751462746350287,176.958846,34.515193942398355
1725605924990.0,-0.029053,-0.77417,0.590454,1725605925306.0,-4.390244,-0.701219,0.167683,1,3451211851153.6455,86280296262745.0,16907416055859.586,0.06434196627166366,1.191895,0.23141259985492602,1.5628594646891556,37.288451,7.292733929958404,1.359090100150629,31.728147,6.1996794101252135,3451211851788.275,86280296278068.0,16907416058857.836,15.15299240810009,149.1998573591352,29.40346289998523,3.570235296036874,27.606708,7.079086578021451,2.994536323284459,44.10823,8.646485162464646
1725605925529.0,-0.038086,-0.755493,0.644043,1725605925808.0,-6.17378,-0.541159,-1.5625,1,3451211852191.8623,86280296288421.0,16907416060888.754,0.07949933663379212,1.3378919999999999,0.2590344208450819,1.518661581333039,36.746705,7.191226286449343,1.3333349436553794,32.633421,6.389219080417382,3451211852778.5977,86280296303523.0,16907416063851.672,14.295766310428327,154.08536900000001,30.223739521907678,3.339206443498526,24.641768,5.645715576637661,3.446206397273267,29.634147,6.668047130730067
1725605926025.0,-0.035767,-0.762329,0.615967,1725605926337.0,-23.323172,-0.327744,-3.689024,1,3451211853248.9805,86280296313537.0,16907416065799.752,0.07130389594891921,1.3107950000000002,0.25432796519766704,1.5278650090313084,37.443972,7.331483390541138,1.3121546632495134,31.791503999999996,6.221784950946567,3451211853842.1133,86280296329283.0,16907416068892.818,49.63182618548168,648.567085,126.56791536573232,3.7718292840669783,41.935976,8.239841198304417,7.519161124495595,94.908536,18.191380140973436
1725605926568.0,-0.027588,-0.87793,0.464111,1725605926838.0,-31.021341,0.213415,-7.065549,1,3451211854214.069,86280296339318.0,16907416070865.28,0.07135317818859596,0.655394,0.1252601026232474,1.7593781190870013,40.179936,7.844622568734984,1.3141488917641349,27.788699,5.410255201459992,3451211854809.2007,86280296354184.0,16907416073778.307,63.70771391954121,1429.7561329999999,279.06390746727095,6.581079375828254,89.51981899999998,17.594566333107995,15.370955809405228,282.05030999999997,54.65716970798225
1725605927064.0,-0.004517,-0.955933,0.239502,1725605927331.0,-32.759148,-1.684451,-10.205793,1,3451211855199.232,86280296364341.0,16907416075771.98,0.1066336060981097,1.053346,0.22102962140969515,1.9536620196760268,46.370605,9.067452144354395,0.9701111046195747,17.220826000000002,3.3330900058392228,3451211855866.3306,86280296379762.0,16907416078783.611,64.02331172313895,1480.990886,289.52164756455795,4.49728343178787,36.379576,7.639027347968898,19.893183586070002,400.54116799999997,78.0700750220728
1725605927549.0,0.056763,-1.005859,-0.027588,1725605927873.0,-40.564026,-2.492378,-8.003049,1,3451211856276.7324,86280296390112.0,16907416080812.521,0.25222900403707016,4.449342,0.8629393126633109,2.02257994419457,49.321411,9.655028553636386,0.5405860875848038,5.1129169999999995,1.0142913130008138,3451211856886.209,86280296405619.0,16907416083853.467,75.27664345462946,1615.373517,315.4188731622761,6.307501942061339,81.30155865085578,17.68140643204868,15.412575526837056,272.31708000000003,53.64481470106348
1725605928053.0,0.105469,-1.031616,-0.276978,1725605928410.0,-31.478659,-1.882622,-6.806403,1,3451211857290.955,86280296415381.0,16907416085763.508,0.36214346642618817,6.9421409999999995,1.3520658754174013,2.074015477975973,49.478028,9.67728559879127,0.6682825685106569,8.630249,1.674147298170683,3451211857846.2563,86280296430928.0,16907416088823.678,59.09896185265407,1206.425331,234.95970324509506,15.706368189743584,131.089943,25.176081103185386,13.27790209954794,248.98628399999998,48.541715626411104
1725605928550.0,0.150635,-0.973999,-0.480103,1725605928862.0,-32.324696,-4.443598,-6.143293,1,3451211858248.052,86280296440406.0,16907416090676.35,0.4646747737348376,9.431156,1.834564983546322,1.958147161351366,46.44751,9.08203101621704,1.028478364175453,18.966066,3.682737900527827,3451211858851.24,86280296455014.0,16907416093535.07,64.34407121807871,760.015261,149.00971619747094,15.5380738871109,88.32246840904178,20.925664381691977,13.030703831254662,192.43140899999997,37.509657330121485
1725605929045.0,0.200073,-0.897217,-0.534668,1725605929401.0,-7.652439,-3.71189,-2.873476,1,3451211859253.8867,86280296465173.0,16907416095526.574,0.5111111375097076,11.260739000000001,2.195190853233598,1.8002168111337828,43.757811000000004,8.564791406813006,1.081227617866582,25.001348,4.883741704847086,3451211859938.01,86280296481868.0,16907416098794.78,52.56703885028777,324.8643234602586,78.85143616798169,7.941585020412417,70.350611,15.83563344592793,16.779658039587513,125.922258,27.468961251816197
1725605929576.0,0.183228,-0.964966,-0.543945,1725605929892.0,21.730183,0.480183,4.992378,1,3451211860328.4907,86280296492055.0,16907416100794.49,0.48193484848229884,10.348637,2.0149954977353532,1.9173543493212042,45.286865,8.853715142832645,1.1689828535051283,24.046996,4.678345106356783,3451211861038.686,86280296507649.0,16907416103832.63,108.4603727731419,1865.022904,362.97184739123645,20.759127874054013,233.589941,46.82433434465296,29.684343326814286,443.910071,86.02423687590367
1725605930082.0,0.078613,-0.995483,-0.385986,1725605930478.0,36.402439,-0.693598,8.384147,1,3451211861380.768,86280296517750.0,16907416105824.664,0.43648572380555595,7.304932,1.4141836650762518,2.0028374438825405,48.670165,9.526156274930216,0.9006864901483987,9.297239999999999,1.847643089274505,3451211861948.9507,86280296533888.0,16907416109002.838,88.72466683832799,1980.8308339999999,386.41722609510543,24.764000250743358,273.978659,54.56705405225229,29.050619828540064,552.980198,107.14495757250312
1725605930610.0,0.004517,-1.018311,0.013428,1725605930931.0,28.246952,-1.006098,2.797256,1,3451211862349.9004,86280296542535.0,16907416110686.055,0.1874524633490737,2.256349,0.4362562425068141,2.0690072322431914,48.445067,9.467667114077235,0.7914414632319366,8.941407,1.7480441519535055,3451211863053.2627,86280296559312.0,16907416113967.072,82.13974609458155,1688.727175,328.4660471260537,8.684338085888363,96.356709,20.224811699446025,18.69062093473942,296.76829799999996,58.21997825258438
1725605931111.0,-0.033081,-0.91626,0.354736,1725605931466.0,3.307927,-1.539634,1.669207,1,3451211863422.7383,86280296568526.0,16907416115772.457,0.08102743781547618,0.803709,0.16572344308051032,1.8705635812676917,42.864138,8.37118554496111,1.2289901161620096,23.544431,4.569975138900023,3451211863980.7275,86280296584299.0,16907416118878.205,68.26737149663082,888.605204,172.91176032856671,2.499572879979182,30.57401526161291,6.03348008333477,10.202694040115572,184.14634600000002,36.092333622845345
1725605931648.0,-0.057007,-0.790405,0.577026,1725605931920.0,-4.199695,-1.417683,-0.320122,1,3451211864341.1973,86280296593040.0,16907416120588.875,0.10734974568037352,1.864501,0.3668332304807719,1.5568793009104573,37.331540000000004,7.302773599238532,1.3446528100829247,31.50354,6.156826826796097,3451211865119.8467,86280296609789.0,16907416123848.809,11.565910412638072,91.73075273095586,21.884501702033383,3.614480875909865,21.405474288550256,5.165356974171177,8.726889032815812,68.55183299999999,13.741018640049749
1725605932105.0,-0.06665,-0.746338,0.640137,1725605932505.0,-12.240854,-2.065549,-1.798781,1,3451211865554.7524,86280296619887.0,16907416125821.28,0.12140729709713126,2.258056,0.4414936882171351,1.503140363662076,36.800904,7.205294899251362,1.3201622578926981,32.501343000000006,6.364886226967916,3451211866134.959,86280296637195.0,16907416129235.828,23.633032176244146,210.823174,42.08865655123534,4.160540936144693,31.830280339531893,6.819555823591942,4.055123770822631,43.856711000000004,8.577130938484865
1725605932685.0,-0.051758,-0.768066,0.596802,1725605933001.0,-24.032013,-2.46189,-5.571647,1,3451211866428.159,86280296645202.0,16907416130810.4,0.10105488149142687,1.997802,0.3889742124140798,1.5356548612384986,37.273074,7.2952728258488095,1.3355768218864827,31.646853,6.187922739570225,3451211867244.996,86280296662504.0,16907416134175.418,54.02854242957791,990.8003269999999,192.46178226058376,6.2549043411165846,78.48323199999999,15.258118064657804,10.915309182219259,162.05031300000002,32.625370051300614
1725605933138.0,-0.032959,-0.910522,0.355347,1725605933628.0,-50.503052,-7.118903,-13.467988,1,3451211867887.793,86280296673539.0,16907416136296.717,0.0849794552870534,0.398926,0.0963109287916781,1.8273022016067209,41.608395,8.12138529259544,1.3083535410093705,25.219365000000003,4.891101502613387,3451211868647.996,86280296696401.0,16907416140808.227,105.96496884294194,1910.663152,369.89861285067155,15.02092347993514,216.11281300000002,42.45502792718412,29.6386041906138,477.80489,92.94367286566968
1725605933897.0,0.026245,-1.010254,-0.05188,1725605934224.0,-46.646343,-11.852135,-12.454268,1,3451211868762.32,86280296704636.0,16907416142465.857,0.33647573932695424,4.905883,0.9541274701400959,2.0308786206020204,48.804566,9.548147284324994,0.7415662996276733,6.2127680000000005,1.2298985787138224,3451211869504.5674,86280296722246.0,16907416145908.973,93.51193104956579,2041.6921220000002,398.2781596357942,24.485411534130648,327.804884,65.98336680007199,22.993766006134834,311.745434,61.0625763955549
1725605934349.0,0.142456,-1.041504,-0.418945,1725605934705.0,-47.035061,-8.262196,-6.280488,1,3451211869800.6367,86280296729077.0,16907416147242.908,0.39391250242907183,8.246459000000002,1.6040711490717199,2.072699767405882,47.9856,9.37476536404346,0.9386293176461186,11.867678,2.3018577723492957,3451211870547.11,86280296747403.0,16907416150831.314,101.51353388693914,1463.399436,286.95529275815,17.91129129425936,148.65092,32.68166808171419,18.342294545032445,143.48323699999997,28.832847941907662
1725605934838.0,0.151611,-0.972046,-0.557251,1725605935201.0,-13.08689,-4.672256,-1.935976,1,3451211870826.132,86280296754330.0,16907416152188.328,0.44312231085210657,9.393918,1.8291042673258318,1.931961174176407,44.342529,8.659867158666174,1.1878903464121346,26.024903,5.072486624094886,3451211871548.7783,86280296772402.0,16907416155729.748,43.164943933160195,292.11300060240507,56.680208521784024,8.459296803785161,60.396342000000004,15.981442818986068,6.438445464698126,40.98380718870895,9.873558365925584
1725605935336.0,0.152954,-0.895874,-0.601929,1725605935698.0,17.324696,-1.143293,0.777439,1,3451211871830.212,86280296779451.0,16907416157111.172,0.39680279125028206,8.768435,1.7097657906143124,1.8056147466084413,43.314701,8.473310568829909,1.224465450266284,28.777099,5.626490566817713,3451211872579.784,86280296797964.0,16907416160737.117,81.25722827093037,1495.800342,291.48335498726703,9.64310195009476,99.893297,24.189530815606183,13.978114671485576,221.84452,43.40270880566676
1725605935833.0,0.126587,-0.999268,-0.516479,1725605936194.0,28.559452,-0.198171,1.935976,1,3451211872843.82,86280296804960.0,16907416162111.275,0.37498349188532976,7.578247,1.4722820376135288,1.992008892160716,46.685792,9.124374365016134,1.1070266426478501,18.320069,3.5468717176721283,3451211873560.882,86280296822973.0,16907416165641.791,76.7530710843744,1655.41924,322.708009888571,12.200008290244014,140.152445,27.04137841163551,9.645973686844528,167.59909,32.50320934609889
1725605936368.0,0.103027,-1.018311,-0.230957,1725605936732.0,33.422256,3.864329,4.756098,1,3451211873846.541,86280296830050.0,16907416167028.066,0.30358036647248476,6.373044999999999,1.2402443771971359,2.045926105428809,49.632450999999996,9.713914366302468,0.5627248016368458,4.236694,0.8954524418556088,3451211874605.5977,86280296848707.0,16907416170681.47,91.45754047217284,1998.8110269999997,390.5107166156135,25.237142999455408,345.678361,67.53284503004727,14.710763140446472,314.397872,61.238395063647076
1725605936866.0,0.025513,-1.016357,0.076294,1725605937227.0,18.727135,8.010671,0.198171,1,3451211874873.623,86280296855703.0,16907416172054.81,0.261561690189805,3.8009079999999997,0.7392037116272161,2.0593630441657216,47.145999,9.207148907028806,0.9625772948033284,12.896483,2.5081624034636727,3451211875628.7686,86280296874038.0,16907416175643.285,64.24280882158898,1213.28509,235.9093268676599,26.912216249704947,523.0716560000001,101.73354535180017,12.083707666482299,159.458842,31.9773184470568
1725605937361.0,-0.031494,-0.888428,0.415283,1725605937722.0,-13.833841,-1.486281,-3.75,1,3451211875895.745,86280296881001.0,16907416177010.104,0.07097416198344028,0.3820159709242699,0.0809268832568534,1.865383695037444,42.002565,8.197442084893888,1.1997775379346296,24.77478,4.819237237787242,3451211876638.3667,86280296899501.0,16907416180634.818,42.69087955291768,288.6405761354613,64.15999199376196,26.09063826782868,291.57774900000004,56.633410682396274,5.220558472975552,65.04136214645374,13.653399728353529
